{"cameraMode":{"drawMode":0,"name":"Shaded","section":"Shading Mode"},"sceneLighting":true,"audioPlay":false,"sceneViewState":{"showFog":true,"showMaterialUpdate":false,"showSkybox":true,"showFlares":true,"showImageEffects":true,"showParticleSystems":true},"in2DMode":false,"pivot":{"x":-2.096419095993042,"y":0.5042015314102173,"z":6.074451446533203},"rotation":{"x":0.15549810230731965,"y":-0.04740316793322563,"z":0.007468370720744133,"w":0.9866805076599121},"size":4.4392805099487309,"orthographic":false}