{"cameraMode":{"drawMode":0,"name":"Shaded","section":"Shading Mode"},"sceneLighting":true,"audioPlay":false,"sceneViewState":{"showFog":true,"showMaterialUpdate":false,"showSkybox":true,"showFlares":true,"showImageEffects":true,"showParticleSystems":true},"in2DMode":false,"pivot":{"x":-3.8856756687164308,"y":9.352887153625489,"z":1.060489296913147},"rotation":{"x":0.49747395515441897,"y":0.12532193958759309,"z":-0.07290202379226685,"w":0.855294406414032},"size":2.0392816066741945,"orthographic":false}