{"cameraMode":{"drawMode":0,"name":"Shaded","section":"Shading Mode"},"sceneLighting":true,"audioPlay":false,"sceneViewState":{"showFog":true,"showMaterialUpdate":false,"showSkybox":true,"showFlares":true,"showImageEffects":true,"showParticleSystems":true},"in2DMode":false,"pivot":{"x":-6.518213272094727,"y":2.9826717376708986,"z":-2.304840564727783},"rotation":{"x":0.16850712895393372,"y":0.2908843159675598,"z":-0.05212703347206116,"w":0.9403703212738037},"size":2.3392815589904787,"orthographic":false}