{"cameraMode":{"drawMode":0,"name":"Shaded","section":"Shading Mode"},"sceneLighting":true,"audioPlay":false,"sceneViewState":{"showFog":true,"showMaterialUpdate":false,"showSkybox":true,"showFlares":true,"showImageEffects":true,"showParticleSystems":true},"in2DMode":false,"pivot":{"x":3.4817259311676027,"y":3.9284861087799074,"z":-6.521169662475586},"rotation":{"x":0.11696513742208481,"y":-0.26906725764274599,"z":0.03292843699455261,"w":0.9554383754730225},"size":2.3392815589904787,"orthographic":false}