{"cameraMode":{"drawMode":0,"name":"Shaded","section":"Shading Mode"},"sceneLighting":false,"audioPlay":false,"sceneViewState":{"showFog":true,"showMaterialUpdate":false,"showSkybox":false,"showFlares":true,"showImageEffects":true,"showParticleSystems":true},"in2DMode":false,"pivot":{"x":1.2549389600753785,"y":-0.07695896178483963,"z":0.08401026576757431},"rotation":{"x":0.11011122912168503,"y":0.5595954656600952,"z":-0.07532965391874314,"w":0.8179667592048645},"size":2.3334531784057619,"orthographic":false}